{"cameraMode":{"drawMode":0,"name":"Shaded","section":"Shading Mode"},"sceneLighting":false,"audioPlay":false,"sceneViewState":{"showFog":true,"showMaterialUpdate":false,"showSkybox":false,"showFlares":true,"showImageEffects":true,"showParticleSystems":true},"in2DMode":false,"pivot":{"x":28.051000595092775,"y":0.10000002384185791,"z":-0.5299997329711914},"rotation":{"x":-0.4527880549430847,"y":0.5444470643997192,"z":-0.4607349932193756,"w":-0.5350560545921326},"size":41.3715934753418,"orthographic":false}