{"cameraMode":{"drawMode":0,"name":"Shaded","section":"Shading Mode"},"sceneLighting":true,"audioPlay":false,"sceneViewState":{"showFog":true,"showMaterialUpdate":false,"showSkybox":true,"showFlares":true,"showImageEffects":true,"showParticleSystems":true},"in2DMode":false,"pivot":{"x":12.69959545135498,"y":-2.5232295989990236,"z":-4.304234504699707},"rotation":{"x":0.009724056348204613,"y":0.9516050219535828,"z":-0.3056749105453491,"w":0.03027215227484703},"size":43.92585754394531,"orthographic":false}